,Unnamed: 0,Unnamed: 0.1,L_box,minPts_box,c_id,source_id,l,b,ra,dec,ra_error,dec_error,parallax,parallax_error,pmra,pmdec,pmra_error,pmdec_error,dr2_radial_velocity,dr2_radial_velocity_error,phot_g_mean_mag,phot_bp_mean_mag,phot_rp_mean_mag,Nclusters
71294,71294,71294,10,10,1356,253530854331982464,158.6857667673414,-1.661139887738844,68.74246461602739,45.13204727947843,0.105802126,0.07383862,0.253864569133627,0.12221549,0.8744640806270247,-1.9720657336070515,0.1460215,0.12310114,,,17.885645,18.637701,17.039679,47
71295,71295,71295,10,10,1356,253531850764423168,158.65546243936222,-1.6629264706383189,68.7115707126247,45.15316434706534,0.08613296,0.062172506,0.3963576363819144,0.10168551,0.9769112601721804,-1.800966714754988,0.12102337,0.110598475,,,17.565110999999998,18.348333,16.70854,47
71296,71296,71296,10,10,1356,253532778477417856,158.70462178337718,-1.5349065344058916,68.89260329991443,45.2033583554824,0.084489614,0.06144508,0.244842029804422,0.0985521,0.7412041754579128,-2.0358411129573915,0.120100014,0.10789627,,,17.50879,18.292782,16.627615,47
71297,71297,71297,10,10,1356,253532817137947904,158.69006188582873,-1.5825073458783754,68.82881314837704,45.18198633874939,0.037007824,0.02376423,0.2316727098648582,0.042285718,0.7500715034307354,-1.9698410209556312,0.051485885,0.041292075,,,15.920797,17.139368,14.832749,47
71298,71298,71298,10,10,1356,253533122074758528,158.66879869051024,-1.6288578670911005,68.75995867327515,45.16636321140084,0.09051324,0.059813213,0.3386245513179156,0.10324283,0.9680366441848196,-1.9208850396272577,0.12361621,0.102579474,,,17.565895,18.409569,16.69163,47
71299,71299,71299,10,10,1356,253533160735344640,158.65841014832648,-1.6356929787459171,68.74285972541061,45.16940009509506,0.050177537,0.0353793,0.2297112407700045,0.059431277,1.0108766562585172,-2.085753052168996,0.0701675859999999,0.0614466,,,16.604654,17.213326000000002,15.841065,47
71300,71300,71300,10,10,1356,253533160735345408,158.66203167219945,-1.635929660406686,68.74608195600418,45.1665716994758,0.03730544,0.024047527,0.2779557732129919,0.043114815,0.8557008410372862,-2.145651328202854,0.05069454,0.041834235,,,15.944671,16.487182999999998,15.226088,47
71301,71301,71301,10,10,1356,253533190794254208,158.6581874830462,-1.6166567150573163,68.76255406462577,45.18242646174889,0.06078477,0.039747946,0.3539006660654833,0.07073161,1.020783971030398,-2.1033093534599656,0.08430037,0.07017925,,,17.009211999999998,17.693542,16.19791,47
71302,71302,71302,10,10,1356,253533259513748864,158.6719801521885,-1.580288346935092,68.81382366518555,45.19681956087704,0.07091018,0.044559643,0.4042875915170827,0.07915322,1.0012853585575394,-2.0076797647904296,0.10357863,0.07602955,,,17.111470999999998,17.785185000000006,16.316156,47
71303,71303,71303,10,10,1356,253533332534020992,158.6582457142251,-1.5828139324626431,68.7980240603293,45.20524166086786,0.05196382,0.030828916,0.3521114382764463,0.05740396,1.0307507919972108,-2.002047026309925,0.07272279,0.05406284,,,16.480620000000002,17.049213,15.74453,47
71304,71304,71304,10,10,1356,253533366893771776,158.64809974513608,-1.6228796290459535,68.74637890613482,45.18565575450618,0.020995714,0.012956812,0.2757793350306257,0.024052668,0.9688031415059182,-1.9800118255215613,0.027424127,0.022722889,,,14.626159,15.158129,13.916587,47
71305,71305,71305,10,10,1356,253533573052189824,158.64130845478496,-1.5871711923201306,68.77723265210143,45.21478525332685,0.037428036,0.023593301,0.3226920064968681,0.043330807,0.870518547639154,-1.937220545339165,0.054767128,0.04065217,,,15.919803,16.572962,15.113454999999998,47
71306,71306,71306,10,10,1356,253533671830628736,158.67267884046072,-1.5549434840357608,68.84103407038745,45.21341164942852,0.068935364,0.04653369,0.4183316914099772,0.07857626,0.984898173423388,-2.113729850632424,0.09490312,0.07577908,,,17.079391,17.764746,16.260899,47
71307,71307,71307,10,10,1356,253533710485881856,158.660752772387,-1.556395798010483,68.82809030058824,45.22122832193332,0.10128607,0.06886416,0.3658473022447226,0.11512817,0.9565938879482928,-1.8288773075831,0.1474064,0.11860037,,,17.875764999999994,18.72348,16.95819,47
71308,71308,71308,10,10,1356,253533985369038464,158.6320259580179,-1.5583000675591565,68.79856694162545,45.24112679060836,0.0793751999999999,0.053712625,0.3307328334405127,0.09337085,0.9837255016746472,-2.154152379615933,0.11280094,0.09465256,,,17.480202,18.248466,16.60657,47
71309,71309,71309,10,10,1356,253534088448242944,158.64617358381977,-1.5082614941087662,68.8645728918167,45.26446561618758,0.026661662,0.018322635,0.3350514403346324,0.032483846,1.00379406722216,-2.0897432154333058,0.03734058,0.031961467,,,15.443105,16.001955,14.7126875,47
71310,71310,71310,10,10,1356,253535050520958592,158.60925495766358,-1.6552762245752417,68.67526064800296,45.192364257334994,0.040359933,0.025487352,0.3359724382152076,0.048440054,0.857426896532645,-2.0242058652712926,0.052940745,0.04141082,,,16.212479000000002,16.778101,15.478948999999998,47
71311,71311,71311,10,10,1356,253535252378630784,158.58795872636662,-1.6100112250607033,68.70215845264643,45.23865741997254,0.08452338,0.05153881,0.4096809276619639,0.09974461,0.9365071026919648,-2.048339951261952,0.12006816,0.09080666,,,17.437479999999994,18.179958,16.586384,47
71312,71312,71312,10,10,1356,253535462837833728,158.58723284661087,-1.6898532277503855,68.61800250999931,45.18517512199657,0.019027876,0.011594597,0.3080311880344962,0.023335602,1.0661287355324796,-1.8927449820451,0.025608964,0.019400911,,,14.561424,14.998264,13.93538,47
71313,71313,71313,10,10,1356,253535600276799616,158.55957420746816,-1.7177585472180354,68.56230679824057,45.18662055693481,0.0969786,0.060301464,0.3672304419489711,0.11671655,0.9543640389568432,-1.8565985342377684,0.1333845,0.09857106,,,17.635475,18.363628,16.799492,47
71314,71314,71314,10,10,1356,253535772075479296,158.55295387753398,-1.6968858488980043,68.57773538845564,45.20562722721157,0.12836026,0.074406624,0.3960535871927457,0.15148029,0.7796009499087571,-1.7513133478159049,0.18393025,0.1288061999999999,,,17.97906,18.689888,17.161713,47
71315,71315,71315,10,10,1356,253535943868931456,158.57153142288584,-1.6433250397380308,68.65154385097753,45.2282186616644,0.12695044,0.07145441,0.3811716335399435,0.14482157,1.0144197747723058,-1.9415936347808984,0.17230307,0.12092576,,,17.971557999999995,,,47
71316,71316,71316,10,10,1356,253536081313293568,158.5675013475449,-1.6129695271257196,68.67942160120913,45.25172091768295,0.04020554,0.0244159,0.3354726053414202,0.05073933,0.9316527380929625,-1.944034139044052,0.058671944,0.04196144,,,16.19918,16.716935999999997,15.507847,47
71317,71317,71317,10,10,1356,253536248811067904,158.55379531768622,-1.6233659634380155,68.65537988194863,45.25477770979637,0.06592348,0.03985445,0.309482141700658,0.0794904999999999,0.8547939752229955,-2.043109963958675,0.095596194,0.06538227,,,17.071415,17.744513,16.271347,47
71318,71318,71318,10,10,1356,253536283170828160,158.55699863693948,-1.59730478834542,68.68572619274457,45.27004880531802,0.041939102,0.025332006,0.3887908427939249,0.052063584,0.7145039905881351,-2.131350609903804,0.06014711,0.042946193,,,16.236267,16.793816,15.5085745,47
71319,71319,71319,10,10,1356,253536287471520768,158.55923058114783,-1.6028293264969862,68.68208826171116,45.26466896359597,0.016165778,0.009690127,0.3597034834758258,0.020046039,1.0025137889947848,-1.9770615441663424,0.022370776,0.015743993,,,14.096996,14.51279,13.494107,47
71320,71320,71320,10,10,1356,253536562349417856,158.6229034785964,-1.564013129994032,68.78383639669934,45.243994032347366,0.031755358,0.020803005,0.2530512128448374,0.0369309,1.1513528222659208,-1.958869628415373,0.04500084,0.035987124,,,15.34264,15.906398,14.599182,47
71321,71321,71321,10,10,1356,253536596709156992,158.6083065649425,-1.5690069994861828,68.76460643910369,45.25137998691611,0.03203533,0.021240933,0.3112929949384181,0.038454518,0.7656808500396246,-2.038776742198315,0.044924557,0.036814798,,,15.724307,16.260355,15.004984,47
71322,71322,71322,10,10,1356,253536631063628416,158.61132776077469,-1.55108706598846,68.78627563996072,45.261257654646,0.10704347,0.048950624,0.3090417783087337,0.0960873,0.719995528017208,-1.8757943528153207,0.19238685,0.09516677,,,16.903793,,,47
71323,71323,71323,10,10,1356,253536631068891008,158.6125704079643,-1.5558490547269777,68.7824785694253,45.2571253522724,0.035175953,0.023140868,0.3748433269534978,0.04192148,0.961834909835313,-1.9483107429925983,0.05137643,0.040769693,,,15.886403,16.458607,15.141418,47
71324,71324,71324,10,10,1356,253536699788376960,158.6019316070114,-1.5819226513930518,68.74496616418269,45.247351084833184,0.046467345,0.028702945,0.3529530270500693,0.054715797,0.7986591286239614,-1.954938280714156,0.06240582,0.048107907,,,16.343357,16.882579999999994,15.630534,47
71325,71325,71325,10,10,1356,253536699788377728,158.60117695137654,-1.5859981331265156,68.73997537916246,45.24515297098064,0.019782748,0.013213707,0.3300543470018177,0.024538852,0.9734067217774552,-1.9444529248087168,0.026467413,0.021491705,,,14.59636,15.059174,13.94454,47
71326,71326,71326,10,10,1356,253536734148123904,158.5898041394897,-1.6077795905495718,68.70626475964234,45.2388072047175,0.030672986,0.017331336,0.2905888832768316,0.03629818,0.9275508758235296,-1.9278925467896768,0.042828612,0.029425774,,,15.39729,15.874983,14.729396,47
71327,71327,71327,10,10,1356,253536764207134208,158.59537347094644,-1.5839510460437805,68.73654969814193,45.250812328660594,0.06441809,0.04216301,0.3071476453787999,0.07782352,0.7656499485814314,-2.066707007998769,0.09475249,0.07475126,,,17.043678,17.738844,16.222467,47
71328,71328,71328,10,10,1356,253536768507849728,158.58690266027563,-1.575387695233586,68.73738622629418,45.26284080855105,0.032457344,0.020707708,0.3555821250951708,0.040747155,1.022698911350622,-2.017934833252458,0.046180576,0.035104726,,,15.733251999999998,16.226536,15.055784,47
71329,71329,71329,10,10,1356,253536768507856256,158.59488126939692,-1.5921144073353295,68.72753169413804,45.24565745904202,0.05995139,0.036791474,0.2942074684746636,0.07547608,0.89914755783169,-1.9521513433372544,0.08851076,0.06740294,,,16.897446,17.550936,16.104284,47
71330,71330,71330,10,10,1356,253536798566875136,158.60590526904414,-1.5701433879156077,68.76111274903158,45.25238198368279,0.071171135,0.047989048,0.3911503549163132,0.083911665,0.8092232201302828,-1.958099889683571,0.10090046,0.0829425,,,17.273613,18.098806,16.374756,47
71331,71331,71331,10,10,1356,253536798566885632,158.59762587883205,-1.5691150844617172,68.75424605738975,45.259178235730325,0.09738654,0.06529454,0.2740206376950378,0.11766042,0.9244234527702812,-2.0836500397123645,0.13517466,0.11013008,,,17.769342,18.530254,16.897234,47
71332,71332,71332,10,10,1356,253536802867587328,158.60132895380238,-1.5705422883842206,68.75630448822821,45.25548501964915,0.018784897,0.011501034,0.3365719133686486,0.022982039,0.8875418309841924,-1.8938513056031088,0.024339112,0.01985578,,,13.958985,14.454607,13.276723,47
71333,71333,71333,10,10,1356,253536802867587840,158.59908591288553,-1.5724357174721333,68.75216945411546,45.255858605907896,0.015879506,0.010048168,0.3079226126431326,0.019967714,1.154539569441655,-1.9865314314522216,0.021103123,0.017726185,,,13.967276000000002,14.386981,13.359281,47
71334,71334,71334,10,10,1356,253536832925499264,158.59680026581668,-1.559354353369663,68.76367743725629,45.26638139434071,0.014557983,0.008970182,0.4195242374105965,0.017992977,0.8311309119309604,-1.97701846631536,0.019589394,0.015191265,-1.1465086000000002,0.118184,12.782129,13.923617000000002,11.72996,47
71335,71335,71335,10,10,1356,253536832926641024,158.5959114543716,-1.551654583649421,68.77089116176916,45.27223814589868,0.04856062,0.031925473,0.207701143114959,0.058457352,0.9006008749746532,-2.1196302018485795,0.06611317,0.05273014,,,16.563004,17.292189999999998,15.727312,47
71336,71336,71336,10,10,1356,253536837227318272,158.59626655207782,-1.54707051249197,68.77603505952415,45.275072972719386,0.03740706,0.025677033,0.2551975992554695,0.046711195,0.990788510295985,-1.9514031433311392,0.051124714,0.04484892,,,16.0973,16.655079999999998,15.371587,47
71337,71337,71337,10,10,1356,253536837227319168,158.59901735839676,-1.5541366698383337,68.77127086240822,45.26827217805885,0.028164107,0.018207923,0.2373456180770577,0.033020575,0.8919032227993247,-2.0210873872038446,0.036775354,0.0304378,,,15.296025,15.829495,14.58767,47
71338,71338,71338,10,10,1356,253536837227320192,158.60309035565328,-1.5549982086218428,68.77427604755005,45.26468807702153,0.015930371,0.0105742139999999,0.3224915789315947,0.01912201,0.9820051720802953,-2.0854196112176218,0.021959487,0.018339992,,,14.045251,14.544144,13.361837,47
71339,71339,71339,10,10,1356,253536837227323264,158.6072497667285,-1.564032311213003,68.76880288778963,45.25551959060155,0.023852585,0.015948355,0.2991396672703299,0.028896974,0.947849384403864,-2.028588509796874,0.033348195,0.027682299,,,15.10264,15.609216,14.402512,47
71340,71340,71340,10,10,1356,253536867286377472,158.59100173571164,-1.5594936859329491,68.75796705729152,45.27056063300646,0.032359887,0.020800631,0.3426200274504141,0.039521147,1.0048634901878648,-2.3165989485305767,0.04614235,0.036543168,,,15.766404,16.302554999999998,15.058172,47
71341,71341,71341,10,10,1356,253536867286380032,158.58537648698427,-1.56396710423145,68.74788217894769,45.27168324679204,0.10711164,0.06619332,0.4089862840863765,0.12531377,0.9282368943919826,-1.9911879621301185,0.1729633,0.119018525,,,17.89455,18.789267,17.001986,47
71342,71342,71342,10,10,1356,253536871587064960,158.59400949202316,-1.5742183351543226,68.74543145725315,45.25839470308652,0.042561572,0.027020391,0.3861266525611953,0.05251021,0.8762058324872101,-2.053449399961276,0.06174083,0.04961058,,,16.287388,16.82416,15.573312,47
71343,71343,71343,10,10,1356,253536901646121600,158.59230945132686,-1.5513816449441926,68.767720622728,45.2750773821483,0.09545688,0.06304506,0.2544239335135782,0.11593281,0.9450658061148796,-1.9862268987631355,0.14339869,0.11272959,,,17.755245000000006,18.572563,16.864992,47
71344,71344,71344,10,10,1356,253536905946793344,158.58951652724716,-1.5450858759424528,68.77163720408107,45.28138896851716,0.05570697,0.037012536,0.3049366616082744,0.06816472,0.8455831791480688,-1.9845794941278003,0.08087637,0.065343365,,,16.871035,17.546823999999994,16.056465,47
71345,71345,71345,10,10,1356,253536905946794368,158.58706531835466,-1.5471713825084492,68.76709928817517,45.28178677745846,0.07359777,0.049460538,0.3186042005441312,0.09132609,1.0525910460021124,-2.0583036377037622,0.108588815,0.087203056,,,17.374619,18.139858,16.519724,47
71346,71346,71346,10,10,1356,253536905946795648,158.58493124400013,-1.5555674223248317,68.75625392805956,45.2776870504511,0.023771426,0.0150498785,0.2886579745822669,0.028710436,0.9388312076064904,-1.934552573578736,0.03328189,0.026556285,,,15.02321,15.53783,14.325827,47
71347,71347,71347,10,10,1356,253536905947013120,158.5921376277629,-1.5561036181805588,68.76260855943993,45.27201393597778,0.03139828,0.019845197,0.3945869141501117,0.036972087,0.8319981770201375,-1.982762058466012,0.046298478,0.03581796,,,15.578629500000002,16.113678,14.869001,47
71348,71348,71348,10,10,1356,253536936005823488,158.62550846371423,-1.5510550530521163,68.79990831897084,45.25082445928215,0.04959546,0.033188686,0.3708010615183615,0.058732744,0.8843300127136876,-1.970852769084824,0.071655,0.058282554,,,16.605242,17.310585,15.770994,47
71349,71349,71349,10,10,1356,253536940306534656,158.62941947792018,-1.5492158263200633,68.80558502883679,45.24918260527912,0.057297368,0.038776245,0.3431719096937655,0.0667462,0.885856516696983,-1.9215213068253552,0.08139929,0.06616342,,,16.906046,17.564722,16.098085,47
71350,71350,71350,10,10,1356,253536974666268672,158.6185863327861,-1.5325320044740411,68.81268181915004,45.2684353289057,0.08603044,0.060013328,0.2726863277209774,0.10188179,0.7341118903837851,-1.955903889061436,0.12187753,0.10181933,,,17.688637,18.44072,16.842419,47
71351,71351,71351,10,10,1356,253537210883770880,158.59650333209228,-1.54270436152372,68.78083757119897,45.27784759432328,0.09382443,0.06654372,0.4016938547065013,0.11336649,0.9807164106479695,-1.9965492160446685,0.12779845,0.110725515,,,17.679289999999995,18.598059,16.73934,47
71352,71352,71352,10,10,1356,253537215184436608,158.60446500658017,-1.53259797843404,68.79906845442903,45.27880339185444,0.02912452,0.02018396,0.3298178130223255,0.035297032,0.9818430986242116,-2.056723897021387,0.039791483,0.035432737,,,15.474688,15.98706,14.775693,47
71353,71353,71353,10,10,1356,253537249544173184,158.5960819353835,-1.5200984792253884,68.80412966639436,45.29342472840247,0.036193233,0.025910359,0.2520431087946487,0.044247646,0.8596740336911155,-2.0599471776411384,0.04956318,0.044991862,,,16.012895999999998,16.52733,15.319431,47
71354,71354,71354,10,10,1356,253537279603265536,158.5916352098523,-1.5293699172050323,68.79014244288788,45.290442356817614,0.044533495,0.02974617,0.3261909594763039,0.05469484,1.0868217079707971,-1.8828861852947885,0.06286673,0.051081944,,,16.51225,17.08779,15.767935,47
71355,71355,71355,10,10,1356,253537490062362496,158.5804255555114,-1.5953883074777635,68.71022967167029,45.2540925041677,0.02187537,0.013017013,0.308861873772097,0.027193535,0.9064358893339872,-2.0085209891608176,0.030149136,0.021637859,,,14.714323,15.199788,14.041735,47
71356,71356,71356,10,10,1356,253537490062363264,158.5835741473055,-1.5961830150163645,68.71242050133402,45.251236142746016,0.029477587,0.01759201,0.3262997619747845,0.03610199,0.9020966941654844,-1.961796660810868,0.042683978,0.030098258,,,15.399354999999998,15.865142,14.7483225,47
71357,71357,71357,10,10,1356,253537520121413760,158.57360268465732,-1.5745207045209204,68.72552614878094,45.27322515711944,0.029396042,0.018070621,0.3466726317823039,0.03656608,1.052032278018402,-1.9061231395276657,0.041560974,0.031563953,,,15.518468,16.043028,14.818186,47
71358,71358,71358,10,10,1356,253537524422094592,158.58259968623716,-1.5788966199197425,68.729581579772,45.26363937699777,0.046570484,0.029188398,0.3497926406696665,0.056897886,0.928145827483552,-2.049523664603222,0.06631652,0.050194867,,,16.40099,16.966934,15.663832,47
71359,71359,71359,10,10,1356,253537524422095104,158.57959803540217,-1.5821611586512734,68.72328192056622,45.26364398722362,0.02540281,0.015387356,0.3119117538631945,0.031563006,0.9233920188562296,-1.9787696659879448,0.034846436,0.02602796,,,15.108078,15.608906,14.424097,47
71360,71360,71360,10,10,1356,253537524422099200,158.58517978402782,-1.5905025455220227,68.71990764138151,45.25389363760812,0.06912883,0.043515638,0.4014999164154677,0.08675177,0.9923699407565838,-2.0057544428654133,0.10276283,0.0780625,,,17.180946,17.97462,16.305876,47
71361,71361,71361,10,10,1356,253537558781835008,158.56880667641346,-1.5859348255623118,68.70896948835228,45.2690416134316,0.05926832,0.03086587,0.3038297811989444,0.06956282,0.8971275524563707,-1.9294521815355143,0.07898641,0.056647293,,,16.595167,17.174435,15.8501215,47
71362,71362,71362,10,10,1356,253537588840897152,158.57050048033247,-1.5689561537613266,68.72837502966199,45.279271786460704,0.028204616,0.017491575,0.3074071538474591,0.036272697,0.9819704367086268,-1.967192225898884,0.041798234,0.03060268,,,15.435429,15.954195,14.698776,47
71363,71363,71363,10,10,1356,253537593141570176,158.56831199243788,-1.5771514446587132,68.71769097652216,45.27534411124989,0.024127156,0.014741452,0.3526641551248197,0.029390747,1.0207202562597,-1.991932309778521,0.033771202,0.024861887,,,14.935939,15.476904,14.21548,47
71364,71364,71364,10,10,1356,253537593143401472,158.5686924344651,-1.574186136436546,68.7211615414678,45.2770684466911,0.029033337,0.017530521,0.2471908738952215,0.03538233,0.960670804942508,-2.064917423377332,0.040069606,0.029998979,,,15.355254,15.915825,14.62747,47
71365,71365,71365,10,10,1356,253537623200624000,158.58413045513296,-1.5654520062968993,68.74513082068765,45.271597955422926,0.037373707,0.023240881,0.2570215451418809,0.05056001,0.8459605726828732,-2.2088262458144907,0.05722765,0.044041857,,,16.077751,16.601183,15.37885,47
71366,71366,71366,10,10,1356,253537623200634240,158.5753858371593,-1.5643845222094055,68.73785414716161,45.2787624617083,0.041766115,0.028190648,0.3506876955491317,0.05638479,0.8697288750442823,-1.9578055649599144,0.058518585,0.047580224,,,16.159185,16.707296,15.446749,47
71367,71367,71367,10,10,1356,253537657560379648,158.57910362635891,-1.551603033540604,68.7548134320358,45.28466022842285,0.025359316,0.01671339,0.3278885041751301,0.031790715,0.9286828002714198,-2.003949327023957,0.0358858,0.028929759,,,15.312769,15.809117,14.577699,47
71368,71368,71368,10,10,1356,253537657560386304,158.57949045184634,-1.5446234972678206,68.76249831313353,45.28909085406126,0.03176457,0.021066042,0.2712498155384849,0.039993946,1.0439796724814443,-1.9890696743302445,0.0456858759999999,0.036774382,,,15.812091,16.352772,15.094507,47
71369,71369,71369,10,10,1356,253537691920133248,158.56754975575632,-1.5503578522023058,68.74502484810378,45.294015455572776,0.023447014,0.0150499465,0.3600079105687717,0.029776707,1.1243129831542067,-2.0326614572391986,0.032730978,0.025618374,,,15.127448,15.638576,14.363085,47
71370,71370,71370,10,10,1356,253537696220776320,158.56711994899538,-1.5497820468917656,68.74521545450797,45.29472126835579,0.033772677,0.021794438,0.3382471303564141,0.042498887,0.9292845555457968,-2.0235048121764647,0.047580138,0.03689246,,,15.891481,16.344986,15.159253,47
71371,71371,71371,10,10,1356,253537696220779648,158.56908960123772,-1.5624567380623264,68.73382792543146,45.2847041707868,0.0891517,0.0568949359999999,0.212915580332043,0.110358536,0.890668329947251,-1.9382414983149847,0.13010871,0.10325627,,,17.626160000000006,18.434214,16.754929999999998,47
71372,71372,71372,10,10,1356,253537764940266496,158.557560291275,-1.5906811002143506,68.69319905114457,45.27411474082415,0.049306065,0.029642368,0.363242655269233,0.059379388,0.930015485574146,-2.1411053232003763,0.06988886,0.049813718,,,16.582092000000006,17.16398,15.843260999999998,47
71373,71373,71373,10,10,1356,253537799299994112,158.55507410876552,-1.5640317206424308,68.71871705176596,45.293964419796886,0.047280286,0.028901499,0.3192176600267861,0.05712916,0.9103572749206305,-2.1504151053499743,0.06607104,0.04927523,,,16.499016,17.138998,15.721712,47
71374,71374,71374,10,10,1356,253537799299995392,158.5513290990117,-1.567661902189358,68.71131686758514,45.29426870478943,0.04797278,0.030119542,0.3934309772122142,0.059754115,1.001506122910221,-2.0506884655089457,0.06811307,0.050123848,,,16.598858,17.180016000000002,15.872713,47
71375,71375,71375,10,10,1356,253537799299996544,158.55429005932933,-1.5707514370144136,68.71092553226144,45.28999902728972,0.020115884,0.012390175,0.3153167646435721,0.025439775,0.9865679004422664,-1.9811156617752097,0.028043509,0.020366361,,,14.711908,15.18954,14.047967000000002,47
71376,71376,71376,10,10,1356,253537833659739392,158.54947656082234,-1.583150692025125,68.69331681892785,45.28515995529202,0.04885131,0.030614786,0.3689294740171276,0.060514007,0.8316819543217027,-1.95970576230992,0.06970302,0.051014356,,,16.60482,17.201097,15.852747,47
71377,71377,71377,10,10,1356,253537902379424128,158.55449539214956,-1.5435882917471693,68.7395808168642,45.308208981300886,0.068537846,0.04457507,0.3309215145275929,0.091108605,0.7768017626852538,-1.9977070302333164,0.0992685,0.072689235,,,16.551853,17.204458,15.724542,47
71378,71378,71378,10,10,1356,253537902379424256,158.55779358848596,-1.5494394049570384,68.73661736688737,45.30182451309141,0.030740108,0.02015781,0.2908455506042335,0.039205864,0.9224837992987982,-1.9971425019599072,0.044706788,0.033907354,,,15.747977,16.243532000000002,15.069756,47
71379,71379,71379,10,10,1356,253537902379424640,158.55879793640253,-1.5596802363179796,68.72685244682322,45.29416281025347,0.033890635,0.020588098,0.3132300536375781,0.043105204,0.9276140389857146,-2.0176090551159005,0.04869448,0.035936844,,,15.497618,16.022488,14.783893,47
71380,71380,71380,10,10,1356,253537936738941696,158.55563027182723,-1.5342722270514082,68.75043536327635,45.31366836655379,0.022050124,0.01395646,0.3262709762964629,0.027207136,0.9124103121301256,-1.9553883041029043,0.030835973,0.023986612,,,14.926865,15.440421,14.227616,47
71381,71381,71381,10,10,1356,253537971098681728,158.54336245908408,-1.5477150358659375,68.72456018933549,45.31362162504328,0.06126803,0.037403006,0.2937796682583578,0.07622828,1.153536701113897,-2.01534893334356,0.08536977,0.06283008,,,17.04678,17.727654,16.239935,47
71382,71382,71382,10,10,1356,253538035517519104,158.57928494559366,-1.5336773444770944,68.77377345612074,45.29663710076419,0.06832139,0.04609648,0.255360449094116,0.08550241,1.0434779166008992,-2.0430254715052643,0.10039858,0.08195818,,,17.265877,18.002815,16.42941,47
71383,71383,71383,10,10,1356,253538039818156672,158.57976142976403,-1.5287026570775974,68.77944570148105,45.29964619100906,0.020902364,0.013662608,0.3080670218657281,0.026272222,0.9264123940388106,-1.7578897253684589,0.029329006,0.023591017,,,14.751027,15.242401,14.073654,47
71384,71384,71384,10,10,1356,253538245976580480,158.56117215800882,-1.4884822105784286,68.80378301179923,45.34051381076655,0.050842535,0.033873145,0.2240070600796729,0.065071784,0.9637595956471214,-1.9947979121931585,0.074249305,0.059218097,,,16.641392,17.349570999999994,15.813718,47
71385,71385,71385,10,10,1356,253538314696060288,158.55090221800154,-1.5108485905924034,68.77045418065019,45.33297873592614,0.037043005,0.023612283,0.3793537664227066,0.04725877,0.8230375467586654,-1.99105772309504,0.052833825,0.040912792,,,15.992786,16.524906,15.270862,47
71386,71386,71386,10,10,1356,253538344755218048,158.55222940711772,-1.4978906510379268,68.78532191509416,45.34075326259332,0.08018889,0.054791562,0.298486196929249,0.103578635,1.1259882293377108,-2.0193267663597747,0.11751849,0.09124246,,,17.539722,18.313955,16.683096,47
71387,71387,71387,10,10,1356,253538486494747520,158.5481392384201,-1.4624823217410778,68.81855761677082,45.367678919768544,0.056614194,0.03780035,0.372054174495055,0.07047529,0.9305848188509824,-2.014878326328935,0.087758034,0.0667508999999999,,,16.914143,17.555283,16.152248,47
71388,71388,71388,10,10,1356,253909228068881280,158.6518008318825,-1.4730928935154133,68.90686200380874,45.28403218197234,0.07685383,0.0545311,0.2820117609171501,0.09202284,0.8285224807485259,-1.864804664058452,0.10961365,0.092626266,,,17.47891,18.228926,16.637682,47
71389,71389,71389,10,10,1356,253909949624510848,158.64872912057237,-1.4253850471984288,68.9540218801944,45.318457963067246,0.03816067,0.027545651,0.3824089256579071,0.047705557,1.048572165879594,-2.01035193717564,0.05754957,0.04791728,,,16.206491,16.942142,15.355939,47
71390,71390,71390,10,10,1356,253912835841391360,158.59712501354937,-1.4286478320183078,68.90112306107135,45.354364306253096,0.05384654,0.03740046,0.3726989848150192,0.067945994,0.8536013126886808,-1.9749275148174443,0.079453796,0.06635842,,,16.824486,17.451216,16.046751,47
71391,71391,71391,10,10,1356,253913557395896320,158.5753527958669,-1.4316462769861724,68.87707990709723,45.36841187856167,0.039270833,0.02737137,0.3641307377001917,0.050411303,0.9045932192107526,-1.926457048498675,0.06132034,0.049852435,,,16.22515,16.772512,15.494886,47
71392,71392,71392,10,10,1356,253913866633546880,158.5430497454844,-1.4470088388689852,68.82991930248411,45.38187805076122,0.025544832,0.0173328739999999,0.3093898675936935,0.033991117,0.6957007265921721,-1.959129308238998,0.037839636,0.029632004,,,15.315221,15.852848000000002,14.606388,47
71393,71393,71393,10,10,1356,253582741839144576,158.53500979617732,-1.6652418440334311,68.59354471020738,45.240254689961006,0.026540667,0.015875991,0.3670830494512487,0.033749167,0.9353434348560096,-1.8635411826198,0.0352242,0.025962412,,,15.3305645,15.792697,14.685589000000002,47
71394,71394,71394,10,10,1356,253583154156001664,158.53989463251662,-1.6391009570369297,68.62556590743408,45.25435912040752,0.056237783,0.03425456,0.3784800785313002,0.07060106,0.8339714617565899,-1.897731437391612,0.080438145,0.055737168,,,16.852974,17.458115,16.0778,47
71395,71395,71395,10,10,1356,253583356012434304,158.51833781613402,-1.594845535048942,68.65114272454055,45.30017339322048,0.048366316,0.029766357,0.3333889283199149,0.058025237,1.0074414285065831,-1.9448200181156787,0.06798746,0.04733358,,,16.457314,17.015982,15.736923999999998,47
71396,71396,71396,10,10,1356,253583875710351232,158.4747732196079,-1.6448151407460987,68.55694643120096,45.2983859881944,0.058245216,0.032315705,0.2742390343037734,0.07049729,1.0053818406226107,-2.059874095894121,0.07465366,0.05129543,,,16.759165,17.359343,16.003035999999998,47
71397,71397,71397,10,10,1356,253584219307887232,158.48238195435664,-1.6137813997213444,68.59673227531253,45.31381125654171,0.07115809,0.044448636,0.3380169242875769,0.08900263,0.936338537555152,-2.0753936242814888,0.092906244,0.06445955,,,17.139769,17.76886,16.340403,47
71398,71398,71398,10,10,1356,253584283725380992,158.47884135231294,-1.6283662334872508,68.57806545699579,45.30653771022986,0.11608858,0.06731328,0.3762446972074193,0.13834965,1.0405334322471818,-2.032929252375156,0.15883593,0.104147606,,,17.944866,18.704222,17.100673999999998,47
71399,71399,71399,10,10,1356,253585112661077760,158.49470610955905,-1.5520365598961054,68.67324774443975,45.34653163413783,0.028401773,0.0178630999999999,0.3325684646921286,0.036452416,1.0387876663202429,-1.9880826837908343,0.038214866,0.028008165,,,15.554728,16.016848,14.908875,47
71400,71400,71400,10,10,1356,253586104791621248,158.47061857520688,-1.4966231292344718,68.70817323374999,45.40174501312027,0.11464109,0.072511025,0.2410431819645364,0.1420166,0.8822941567493864,-1.9309697632185248,0.16229182,0.11758231,,,17.937829999999995,18.760891,17.065868,47
323904,391547,108960,10,16,1356,253518587905256832,158.73956732007284,-1.74573638420429,68.70564472454271,45.03523490441097,0.12368,0.07547853,0.2742594295062816,0.13961454,1.0840534993886433,-2.080609018750204,0.18262699,0.13754822,,,17.951504,18.784697,17.042131,47
323905,391548,108961,10,16,1356,253518695287316736,158.74280484415183,-1.6879051966509326,68.76908116184929,45.07193083604497,0.026491273,0.016830653,0.3226242435824528,0.030506643,0.9323625446307238,-2.0743511801320063,0.040074307,0.030163808,,,14.955279999999998,15.370954,14.353354,47
323906,391549,108962,10,16,1356,253520134093574272,158.7500820400405,-1.6320749622443838,68.83436856181132,45.10426131758982,0.017884139,0.011482202,0.3934006081015889,0.020347197,0.8889626374348341,-1.9798410591110047,0.02544662,0.020818582,,,14.251823000000002,14.773504,13.550438,47
323907,391550,108963,10,16,1356,253525154916382976,158.65509269636829,-1.8161821851907824,68.55137470574684,45.0497161792265,0.106187634,0.06379174,0.2972026219954371,0.123093806,0.9532304998607029,-1.923764065991528,0.13704596,0.10550027,,,17.772713,18.706863,16.802854999999994,47
323908,391551,108964,10,16,1356,253530411956323712,158.71590535696942,-1.7276387831154103,68.70188569426901,45.06489707916378,0.054256123,0.03441135,0.3116380981155334,0.06365963,1.0894634174185305,-1.8742551285485545,0.07544841,0.061651234,,,16.667343,17.325544,15.861617,47
323909,391553,108966,10,16,1356,253531202230315776,158.65177186098762,-1.7600397461220951,68.60667956508357,45.09018111871969,0.044437453,0.026769716,0.4169892436576365,0.053693358,0.971072365555417,-2.0041616609089563,0.061264142,0.046827443,,,16.37265,16.868366,15.692964000000002,47
323910,391555,108968,10,16,1356,253532537959189632,158.71457324344755,-1.5976468645033386,68.83642386142107,45.1536886840176,0.03850302,0.025247928,0.3033585005726837,0.04349236,0.8190020344205824,-2.255714722687104,0.052385494,0.04303076,,,15.9173765,16.448338,15.179214000000002,47
323911,391558,108971,10,16,1356,253533023296363904,158.68390459012693,-1.5473234937046143,68.85976513835605,45.210271565615216,0.05471511,0.03617376,0.2243194167299332,0.06293855,0.9289101046448106,-1.7248392735176956,0.07774163,0.062922575,,,16.763119,17.395342000000007,15.983163,47
323912,391566,108979,10,16,1356,253533465672189568,158.63398376671847,-1.6102785234529482,68.74602965982247,45.20457213773284,0.05179554,0.033867262,0.1977869632595428,0.06191003,0.983010590407546,-1.980342691511114,0.07489416,0.060831722,,,16.684359,17.335014,15.89101,47
323913,391589,109002,10,16,1356,253536734148124032,158.5934032763989,-1.6075154384742456,68.70999548643358,45.236334975741634,0.04375185,0.025244197,0.2204882399799412,0.05273512,0.7760032323327235,-1.7048556751695851,0.061756395,0.044325516,,,16.144703,16.699127,15.4180155,47
323914,391599,109012,10,16,1356,253536837222063488,158.5967891103457,-1.5584903492051714,68.76457182438955,45.266973328887566,0.051573686,0.033534016,0.4388055517672947,0.061256647,1.103127485948496,-1.9988747968423184,0.07044445,0.055464275,,,16.626793,17.182768,15.502161,47
323915,391600,109013,10,16,1356,253536837227317888,158.59579416104856,-1.5461480089392106,68.77654843386084,45.27604430913861,0.070727505,0.049553655,0.208964243750423,0.08569834,1.0024424236040832,-2.0722294799237018,0.09699267,0.083391905,,,17.296723999999998,18.127192,16.377855,47
323916,391607,109020,10,16,1356,253536871587064192,158.58962228940385,-1.5729090948354856,68.74259207669273,45.262512074800966,0.07180315,0.04670153,0.427042962263192,0.08692378,1.1791914150508682,-1.9213299148601328,0.10474135,0.08199994,,,17.171570000000006,18.018848,16.271572,47
323917,391610,109023,10,16,1356,253536901648755328,158.59146209380287,-1.556818262048118,68.76121158821869,45.27202897211933,0.08753278,0.058071546,0.222959860143378,0.10422519,1.0723658702037648,-1.9215665759780949,0.12892483,0.10178872,,,17.630276000000006,18.377956,16.744095,47
323918,391618,109031,10,16,1356,253537039085072512,158.6114232825765,-1.532728999139021,68.80560565752718,45.27358432850901,0.07314992,0.051238015,0.3032447747644565,0.08744916,0.7751350111721699,-2.301764772738081,0.108205594,0.08975475,,,17.392727,18.14203,16.557154,47
323919,391637,109050,10,16,1356,253537691920120448,158.56720222825888,-1.5629630533361691,68.73148513594704,45.28575244292112,0.0378296,0.023582263,0.3376358674549941,0.0476926159999999,0.7773446223765669,-2.3566098907364896,0.052949023,0.04250959,,,16.033282999999994,16.605832999999997,15.276302,47
323920,391641,109054,10,16,1356,253537764940266112,158.55429552005486,-1.5907146653735895,68.69002762790676,45.27649612888482,0.015947478,0.009620695,0.3125498937909235,0.019285817,0.4860612488897177,-1.912270774348596,0.021812314,0.015462806,,,13.81946,14.838,12.823349,47
323921,391643,109056,10,16,1356,253537794999355392,158.5499610662713,-1.561297929452565,68.71666877742724,45.29957881135015,0.046831913,0.028412377,0.1941512149923142,0.057463024,1.0262533061784538,-1.979892439127827,0.06610013,0.048125688,,,16.5118,17.159904,15.729346,47
323922,391651,109064,10,16,1356,253537932438328960,158.55775842679816,-1.53693383421123,68.74968961197574,45.31030163230388,0.06411705,0.043131866,0.344453176169355,0.0810256,0.7894754364155365,-2.2586375538974344,0.08535423,0.06879263,,,15.858516,16.214071,14.759797,47
323923,391656,109069,10,16,1356,253538104237008896,158.56971586569225,-1.5292894538741868,68.76918618435282,45.30665432197691,0.112729244,0.07373856,0.1851659644280292,0.1404561,0.8877748237087844,-1.910948406346156,0.16927168,0.1310339999999999,,,17.985825,18.797722,17.10839,47
323924,391661,109074,10,16,1356,253894964478599040,158.81499298940432,-1.5331163440791868,68.99992540736389,45.12304600893263,0.059632692,0.041981697,0.3168265639478467,0.074566804,0.8445657144960802,-1.986726242080146,0.08293496,0.07353497,,,16.86769,17.66263,15.970951,47
323925,391662,109075,10,16,1356,253896137008658432,158.74914292908042,-1.5060697535644396,68.96540274163958,45.18991937458443,0.025445353,0.018068386,0.3230959852886232,0.030787852,0.6134969833219708,-2.0337022302477594,0.039562114,0.033303414,,,15.242017,15.880177,14.449063,47
323926,391665,109078,10,16,1356,253910220202588544,158.7086201747896,-1.3848581238348452,69.05395266462651,45.30148277669712,0.037699312,0.025858477,0.3525356900980277,0.04820657,0.8364541325735146,-2.012521720359111,0.057705797,0.046465695,,,16.006222,16.876472,15.078846,47
323927,391669,109082,10,16,1356,253914068493444608,158.5743925178699,-1.3770480145439508,68.93356608636991,45.40593664668478,0.10528347,0.073398955,0.3145265177250582,0.12875047,0.7857272601759585,-1.7141930102883585,0.15668592,0.122767866,,,17.8666,18.663942,17.00113,47
323928,391673,109086,10,16,1356,253583463393645312,158.4977717560185,-1.6293286074565725,68.59527799517923,45.29196347129432,0.031532433,0.018379701,0.2230190859397222,0.03869683,0.912077592265754,-1.7690783613856051,0.04140228,0.02800076,,,15.566934,16.730185000000002,14.503319,47
323929,391675,109088,10,16,1356,253583875710357888,158.48048189002006,-1.6546751381979978,68.55213389573912,45.2875085058041,0.08672688,0.049620744,0.3738994387699983,0.10182737,1.0061993070281463,-1.6277050921691525,0.11032891,0.076224595,,,17.452679,18.110865,16.646692,47
323930,391678,109091,10,16,1356,253584902200695168,158.53081049412503,-1.5439105970265885,68.71648412832488,45.32543954687132,0.05709354,0.03641649,0.4465826430170587,0.07213729,0.8333554955349034,-1.953778983605436,0.081919804,0.061364178,,,16.986713,17.643974,16.207293,47
323931,391681,109094,10,16,1356,253586624489550208,158.46608480155805,-1.4379704190266422,68.76539827073077,45.444727787837046,0.09980689,0.058080256,0.2835959550492105,0.121904604,0.8613936056133659,-2.149374274778,0.1365337999999999,0.09264277,,,17.699135000000005,18.38676,16.88113,47
323932,391682,109095,10,16,1356,253589953082417920,158.42122310873162,-1.3957778405699617,68.7665475703123,45.50629811421883,0.11194962,0.06582093,0.3634961451118761,0.1291198999999999,0.9466269760712244,-1.755309860118457,0.16431059,0.10569193,,,17.975680999999994,18.916697,17.049362,47
725543,3414876,87863,15,16,1356,253521993820505472,158.70517753667184,-1.9520002748563368,68.45818830934289,44.92084315427979,0.061064214,0.037331574,0.3207343876693511,0.07284175,0.8761618440438579,-1.99176897258224,0.08292187,0.06265597,,,16.88484,17.564384,16.061420000000002,47
725544,3414975,87962,15,16,1356,253890605090708736,158.90158756346875,-1.5491838330536558,69.06561101752631,45.048209452735605,0.035493568,0.021825248,0.328789480699212,0.040174615,0.8959314552987127,-1.9996667297581776,0.046964206,0.03818682,,,15.5025425,16.11482,14.719226,47
725545,3414977,87964,15,16,1356,253895067557826560,158.80004711864785,-1.5058572866013915,69.01423656958362,45.15244610938426,0.09283299,0.06769321,0.2632638171897669,0.1222785,0.8473828661025125,-2.12558382828262,0.13179001,0.12077221,,,17.750463,18.610258,16.820664999999998,47
725546,3414979,87966,15,16,1356,253896171368308352,158.75544669467163,-1.4801283563109346,68.99863618548304,45.2027342158576,0.09810446,0.068173304,0.3112547754292056,0.12001076,1.1941032223382133,-1.814269965898324,0.14635974,0.12059619,,,17.891106,18.784101,16.948582000000002,47
725547,3414980,87967,15,16,1356,253898194294109312,158.75268176305389,-1.398311025796621,69.08192323047882,45.2598424693956,0.0518598,0.037209302,0.2761552343382497,0.066690385,0.8801643442824909,-1.967504832914769,0.08065908,0.06692102,,,16.703842,17.368288,15.906695,47
725548,3414981,87968,15,16,1356,253898984568195840,158.73277094678062,-1.2975990977762548,69.16890324743959,45.3422809757264,0.06426409,0.043200977,0.3623101993509115,0.07797604,1.0735660203991673,-1.975903572080132,0.10019997,0.07990331,,,16.997835000000002,17.629246,16.232021,47
725549,3414985,87972,15,16,1356,253911495811539584,158.66269977534375,-1.3009177588073666,69.09838310308946,45.39191741186096,0.04534785,0.029992139,0.2993325749116456,0.054958064,0.7815464727342171,-2.0525505872650847,0.062449023,0.05325546,,,16.367105,16.977095000000002,15.6164665,47
725550,3414987,87974,15,16,1356,253913282515294592,158.59618207236244,-1.375920906717318,68.95565934199038,45.39060309088821,0.07630715,0.049272064,0.2873160065996073,0.09286773,0.7979403547653068,-2.090696765422364,0.11359862,0.084903635,,,17.265226000000002,17.931498,16.471867,47
725551,3414990,87977,15,16,1356,253580989492366208,158.42897195979472,-1.7317905845485693,68.42196812855194,45.27304934116511,0.0901944,0.052420795,0.2859902151053002,0.10143268,0.8533272337151298,-2.102785830573048,0.11728158,0.081427425,,,17.651106,18.424494,16.797729999999998,47
725552,3415000,87987,15,16,1356,253589884362921216,158.43200044264125,-1.4143426899745744,68.75740801836056,45.48581172408408,0.10050214,0.057158966,0.3383490338251597,0.123310626,0.8715406174673831,-2.194672791088605,0.13849273,0.09227476,,,17.72853,18.545254,16.850306,47
725553,3415002,87989,15,16,1356,253590747657925760,158.3534521975931,-1.4596886448894937,68.63398683917686,45.512988462265575,0.039575633,0.023776796,0.3508427800424153,0.048414644,0.923978660595068,-1.9226967202475027,0.055183668,0.03635399,,,16.242785,16.800724,15.521994,47
725554,3415003,87990,15,16,1356,253600746341825280,158.34467199496063,-1.5401054383955417,68.54111340017128,45.46498041040509,0.06301003,0.040587578,0.3840786846175827,0.07984309,0.8374271494159765,-1.7829253107806258,0.08339985,0.058484416,,,17.17234,17.907595,16.339447,47
755277,4465194,112780,9,16,1356,253538039818156544,158.57780597174118,-1.5279214326816444,68.77838754235322,45.30161531066,0.040381394,0.026587112,0.3456636829621531,0.050584905,0.7059087781968918,-2.2467542236901497,0.058109228,0.046945237,,,16.288616,16.786531,15.598757,47
